"","scri_sample_id","sample_type","sample_filter","ec","ec_methodf","ec_methodm","ec_methodc","entero","entero_methodf","entero_methodm","entero_methodc","fc","fc_methodf","fc_methodm","fc_methodc"
"1","cbf_586","grabsample","none",649,"idexxquantitray","mpn","mpn",NA,NA,NA,NA,NA,NA,NA,NA
"2","cbf_587","grabsample","none",120,"idexxquantitray","mpn","mpn",NA,NA,NA,NA,980,"idexxquantitray","mpn","mpn"
"3","cbf_590","grabsample","none",517,"idexxquantitray","mpn","mpn",NA,NA,NA,NA,850,"idexxquantitray","mpn","mpn"
"4","cbf_578","grabsample","none",116,"idexxquantitray","mpn","mpn",NA,NA,NA,NA,NA,NA,NA,NA
"5","cbf_591","grabsample","none",1050,"idexxquantitray","mpn","mpn",NA,NA,NA,NA,610,"idexxquantitray","mpn","mpn"
"6","cbf_589","grabsample","none",145,"idexxquantitray","mpn","mpn",NA,NA,NA,NA,260,"idexxquantitray","mpn","mpn"
"7","cbf_588","grabsample","none",980,"idexxquantitray","mpn","mpn",NA,NA,NA,NA,NA,NA,NA,NA
"8","cbf_584","grabsample","none",1550,"idexxquantitray","mpn","mpn",NA,NA,NA,NA,NA,NA,NA,NA
"9","cbf_581","grabsample","none",1120,"idexxquantitray","mpn","mpn",NA,NA,NA,NA,NA,NA,NA,NA
"10","cbf_580","grabsample","none",179,"idexxquantitray","mpn","mpn",NA,NA,NA,NA,NA,NA,NA,NA
"11","cbf_579","grabsample","none",261,"idexxquantitray","mpn","mpn",NA,NA,NA,NA,NA,NA,NA,NA
"12","cbf_583","grabsample","none",2420,"idexxquantitray","mpn","mpn",NA,NA,NA,NA,NA,NA,NA,NA
"13","cbf_585","grabsample","none",1990,"idexxquantitray","mpn","mpn",NA,NA,NA,NA,670,"idexxquantitray","mpn","mpn"
"14","cbf_582","grabsample","none",127,"idexxquantitray","mpn","mpn",NA,NA,NA,NA,NA,NA,NA,NA
"15","cbf_576","grabsample","none",64,"idexxquantitray","mpn","mpn",NA,NA,NA,NA,340,"idexxquantitray","mpn","mpn"
"16","cbf_572","grabsample","none",326,"idexxquantitray","mpn","mpn",NA,NA,NA,NA,NA,NA,NA,NA
"17","cbf_570","grabsample","none",291,"idexxquantitray","mpn","mpn",NA,NA,NA,NA,NA,NA,NA,NA
"18","cbf_575","grabsample","none",118,"idexxquantitray","mpn","mpn",NA,NA,NA,NA,390,"idexxquantitray","mpn","mpn"
"19","cbf_567","grabsample","none",140,"idexxquantitray","mpn","mpn",NA,NA,NA,NA,NA,NA,NA,NA
"20","cbf_565","grabsample","none",154,"idexxquantitray","mpn","mpn",NA,NA,NA,NA,NA,NA,NA,NA
"21","cbf_571","grabsample","none",225,"idexxquantitray","mpn","mpn",NA,NA,NA,NA,270,"idexxquantitray","mpn","mpn"
"22","cbf_566","grabsample","none",96,"idexxquantitray","mpn","mpn",NA,NA,NA,NA,NA,NA,NA,NA
"23","cbf_564","grabsample","none",99,"idexxquantitray","mpn","mpn",NA,NA,NA,NA,NA,NA,NA,NA
"24","cbf_577","grabsample","none",63,"idexxquantitray","mpn","mpn",NA,NA,NA,NA,78,"idexxquantitray","mpn","mpn"
"25","cbf_568","grabsample","none",261,"idexxquantitray","mpn","mpn",NA,NA,NA,NA,NA,NA,NA,NA
"26","cbf_573","grabsample","none",69,"idexxquantitray","mpn","mpn",NA,NA,NA,NA,410,"idexxquantitray","mpn","mpn"
"27","cbf_569","grabsample","none",326,"idexxquantitray","mpn","mpn",NA,NA,NA,NA,NA,NA,NA,NA
"28","cbf_574","grabsample","none",169,"idexxquantitray","mpn","mpn",NA,NA,NA,NA,NA,NA,NA,NA
"29","cbf_138","grabsample","none",14,"idexxquantitray","mpn","mpn",NA,NA,NA,NA,22,"idexxquantitray","mpn","mpn"
"30","cbf_131","grabsample","none",19,"idexxquantitray","mpn","mpn",NA,NA,NA,NA,NA,NA,NA,NA
"31","cbf_125","grabsample","none",24,"idexxquantitray","mpn","mpn",NA,NA,NA,NA,NA,NA,NA,NA
"32","cbf_135","grabsample","none",345,"idexxquantitray","mpn","mpn",NA,NA,NA,NA,NA,NA,NA,NA
"33","cbf_129","grabsample","none",20,"idexxquantitray","mpn","mpn",NA,NA,NA,NA,NA,NA,NA,NA
"34","cbf_130","grabsample","none",173,"idexxquantitray","mpn","mpn",NA,NA,NA,NA,NA,NA,NA,NA
"35","cbf_128","grabsample","none",53,"idexxquantitray","mpn","mpn",NA,NA,NA,NA,NA,NA,NA,NA
"36","cbf_126","grabsample","none",31,"idexxquantitray","mpn","mpn",NA,NA,NA,NA,NA,NA,NA,NA
"37","cbf_136","grabsample","none",31,"idexxquantitray","mpn","mpn",NA,NA,NA,NA,41,"idexxquantitray","mpn","mpn"
"38","cbf_137","grabsample","none",17,"idexxquantitray","mpn","mpn",NA,NA,NA,NA,41,"idexxquantitray","mpn","mpn"
"39","cbf_132","grabsample","none",45,"idexxquantitray","mpn","mpn",NA,NA,NA,NA,26,"idexxquantitray","mpn","mpn"
"40","cbf_134","grabsample","none",27,"idexxquantitray","mpn","mpn",NA,NA,NA,NA,56,"idexxquantitray","mpn","mpn"
"41","cbf_133","grabsample","none",16,"idexxquantitray","mpn","mpn",NA,NA,NA,NA,NA,NA,NA,NA
"42","cbf_127","grabsample","none",16,"idexxquantitray","mpn","mpn",NA,NA,NA,NA,NA,NA,NA,NA
"43","cbf_478","grabsample","none",57,"idexxquantitray","mpn","mpn",NA,NA,NA,NA,101,"idexxquantitray","mpn","mpn"
"44","cbf_472","grabsample","none",15,"idexxquantitray","mpn","mpn",NA,NA,NA,NA,NA,NA,NA,NA
"45","cbf_470","grabsample","none",32,"idexxquantitray","mpn","mpn",NA,NA,NA,NA,NA,NA,NA,NA
"46","cbf_480","grabsample","none",70,"idexxquantitray","mpn","mpn",NA,NA,NA,NA,270,"idexxquantitray","mpn","mpn"
"47","cbf_479","grabsample","none",2419,"idexxquantitray","mpn","mpn",NA,NA,NA,NA,NA,NA,NA,NA
"48","cbf_471","grabsample","none",17,"idexxquantitray","mpn","mpn",NA,NA,NA,NA,NA,NA,NA,NA
"49","cbf_474","grabsample","none",36,"idexxquantitray","mpn","mpn",NA,NA,NA,NA,NA,NA,NA,NA
"50","cbf_481","grabsample","none",25,"idexxquantitray","mpn","mpn",NA,NA,NA,NA,47,"idexxquantitray","mpn","mpn"
"51","cbf_477","grabsample","none",15,"idexxquantitray","mpn","mpn",NA,NA,NA,NA,NA,NA,NA,NA
"52","cbf_482","grabsample","none",9,"idexxquantitray","mpn","mpn",NA,NA,NA,NA,37,"idexxquantitray","mpn","mpn"
"53","cbf_469","grabsample","none",37,"idexxquantitray","mpn","mpn",NA,NA,NA,NA,52,"idexxquantitray","mpn","mpn"
"54","cbf_475","grabsample","none",28,"idexxquantitray","mpn","mpn",NA,NA,NA,NA,NA,NA,NA,NA
"55","cbf_476","grabsample","none",27,"idexxquantitray","mpn","mpn",NA,NA,NA,NA,NA,NA,NA,NA
"56","cbf_473","grabsample","none",272,"idexxquantitray","mpn","mpn",NA,NA,NA,NA,NA,NA,NA,NA
"57","cbf_558","grabsample","none",129,"idexxquantitray","mpn","mpn",NA,NA,NA,NA,NA,NA,NA,NA
"58","cbf_561","grabsample","none",91,"idexxquantitray","mpn","mpn",NA,NA,NA,NA,99,"idexxquantitray","mpn","mpn"
"59","cbf_553","grabsample","none",160,"idexxquantitray","mpn","mpn",NA,NA,NA,NA,NA,NA,NA,NA
"60","cbf_507","grabsample","none",2420,"idexxquantitray","mpn","mpn",NA,NA,NA,NA,NA,NA,NA,NA
"61","cbf_508","grabsample","none",66,"idexxquantitray","mpn","mpn",NA,NA,NA,NA,220,"idexxquantitray","mpn","mpn"
"62","cbf_551","grabsample","none",236,"idexxquantitray","mpn","mpn",NA,NA,NA,NA,NA,NA,NA,NA
"63","cbf_501","grabsample","none",461,"idexxquantitray","mpn","mpn",NA,NA,NA,NA,NA,NA,NA,NA
"64","cbf_556","grabsample","none",980,"idexxquantitray","mpn","mpn",NA,NA,NA,NA,NA,NA,NA,NA
"65","cbf_502","grabsample","none",91,"idexxquantitray","mpn","mpn",NA,NA,NA,NA,NA,NA,NA,NA
"66","cbf_563","grabsample","none",58,"idexxquantitray","mpn","mpn",NA,NA,NA,NA,79,"idexxquantitray","mpn","mpn"
"67","cbf_500","grabsample","none",18,"idexxquantitray","mpn","mpn",NA,NA,NA,NA,NA,NA,NA,NA
"68","cbf_504","grabsample","none",16,"idexxquantitray","mpn","mpn",NA,NA,NA,NA,NA,NA,NA,NA
"69","cbf_550","grabsample","none",122,"idexxquantitray","mpn","mpn",NA,NA,NA,NA,NA,NA,NA,NA
"70","cbf_552","grabsample","none",115,"idexxquantitray","mpn","mpn",NA,NA,NA,NA,NA,NA,NA,NA
"71","cbf_497","grabsample","none",23,"idexxquantitray","mpn","mpn",NA,NA,NA,NA,46,"idexxquantitray","mpn","mpn"
"72","cbf_560","grabsample","none",143,"idexxquantitray","mpn","mpn",NA,NA,NA,NA,NA,NA,NA,NA
"73","cbf_503","grabsample","none",16,"idexxquantitray","mpn","mpn",NA,NA,NA,NA,NA,NA,NA,NA
"74","cbf_559","grabsample","none",44,"idexxquantitray","mpn","mpn",NA,NA,NA,NA,97,"idexxquantitray","mpn","mpn"
"75","cbf_555","grabsample","none",488,"idexxquantitray","mpn","mpn",NA,NA,NA,NA,NA,NA,NA,NA
"76","cbf_506","grabsample","none",146,"idexxquantitray","mpn","mpn",NA,NA,NA,NA,310,"idexxquantitray","mpn","mpn"
"77","cbf_510","grabsample","none",21,"idexxquantitray","mpn","mpn",NA,NA,NA,NA,36,"idexxquantitray","mpn","mpn"
"78","cbf_499","grabsample","none",21,"idexxquantitray","mpn","mpn",NA,NA,NA,NA,NA,NA,NA,NA
"79","cbf_509","grabsample","none",34,"idexxquantitray","mpn","mpn",NA,NA,NA,NA,200,"idexxquantitray","mpn","mpn"
"80","cbf_554","grabsample","none",1410,"idexxquantitray","mpn","mpn",NA,NA,NA,NA,NA,NA,NA,NA
"81","cbf_505","grabsample","none",5,"idexxquantitray","mpn","mpn",NA,NA,NA,NA,NA,NA,NA,NA
"82","cbf_557","grabsample","none",66,"idexxquantitray","mpn","mpn",NA,NA,NA,NA,200,"idexxquantitray","mpn","mpn"
"83","cbf_562","grabsample","none",118,"idexxquantitray","mpn","mpn",NA,NA,NA,NA,122,"idexxquantitray","mpn","mpn"
"84","cbf_498","grabsample","none",30,"idexxquantitray","mpn","mpn",NA,NA,NA,NA,NA,NA,NA,NA
"85","cbf_495","grabsample","none",87,"idexxquantitray","mpn","mpn",NA,NA,NA,NA,270,"idexxquantitray","mpn","mpn"
"86","cbf_490","grabsample","none",16,"idexxquantitray","mpn","mpn",NA,NA,NA,NA,NA,NA,NA,NA
"87","cbf_488","grabsample","none",38,"idexxquantitray","mpn","mpn",NA,NA,NA,NA,NA,NA,NA,NA
"88","cbf_492","grabsample","none",78,"idexxquantitray","mpn","mpn",NA,NA,NA,NA,520,"idexxquantitray","mpn","mpn"
"89","cbf_491","grabsample","none",9,"idexxquantitray","mpn","mpn",NA,NA,NA,NA,NA,NA,NA,NA
"90","cbf_496","grabsample","none",12,"idexxquantitray","mpn","mpn",NA,NA,NA,NA,64,"idexxquantitray","mpn","mpn"
"91","cbf_494","grabsample","none",91,"idexxquantitray","mpn","mpn",NA,NA,NA,NA,718,"idexxquantitray","mpn","mpn"
"92","cbf_486","grabsample","none",66,"idexxquantitray","mpn","mpn",NA,NA,NA,NA,NA,NA,NA,NA
"93","cbf_483","grabsample","none",55,"idexxquantitray","mpn","mpn",NA,NA,NA,NA,27,"idexxquantitray","mpn","mpn"
"94","cbf_485","grabsample","none",44,"idexxquantitray","mpn","mpn",NA,NA,NA,NA,NA,NA,NA,NA
"95","cbf_489","grabsample","none",37,"idexxquantitray","mpn","mpn",NA,NA,NA,NA,NA,NA,NA,NA
"96","cbf_487","grabsample","none",41,"idexxquantitray","mpn","mpn",NA,NA,NA,NA,NA,NA,NA,NA
"97","cbf_484","grabsample","none",34,"idexxquantitray","mpn","mpn",NA,NA,NA,NA,NA,NA,NA,NA
"98","cbf_493","grabsample","none",2419,"idexxquantitray","mpn","mpn",NA,NA,NA,NA,NA,NA,NA,NA
"99","cbf_28","grabsample","none",110,"idexxquantitray","mpn","mpn",NA,NA,NA,NA,NA,NA,NA,NA
"100","cbf_26","grabsample","none",150,"idexxquantitray","mpn","mpn",NA,NA,NA,NA,NA,NA,NA,NA
"101","cbf_31","grabsample","none",160,"idexxquantitray","mpn","mpn",NA,NA,NA,NA,NA,NA,NA,NA
"102","cbf_34","grabsample","none",160,"idexxquantitray","mpn","mpn",NA,NA,NA,NA,NA,NA,NA,NA
"103","cbf_27","grabsample","none",220,"idexxquantitray","mpn","mpn",NA,NA,NA,NA,NA,NA,NA,NA
"104","cbf_32","grabsample","none",250,"idexxquantitray","mpn","mpn",NA,NA,NA,NA,NA,NA,NA,NA
"105","cbf_33","grabsample","none",250,"idexxquantitray","mpn","mpn",NA,NA,NA,NA,NA,NA,NA,NA
"106","cbf_29","grabsample","none",260,"idexxquantitray","mpn","mpn",NA,NA,NA,NA,NA,NA,NA,NA
"107","cbf_23","grabsample","none",1400,"idexxquantitray","mpn","mpn",NA,NA,NA,NA,NA,NA,NA,NA
"108","cbf_21","grabsample","none",2400,"idexxquantitray","mpn","mpn",NA,NA,NA,NA,NA,NA,NA,NA
"109","cbf_22","grabsample","none",2400,"idexxquantitray","mpn","mpn",NA,NA,NA,NA,NA,NA,NA,NA
"110","cbf_30","grabsample","none",2900,"idexxquantitray","mpn","mpn",NA,NA,NA,NA,NA,NA,NA,NA
"111","cbf_25","grabsample","none",4100,"idexxquantitray","mpn","mpn",NA,NA,NA,NA,NA,NA,NA,NA
"112","cbf_24","grabsample","none",13000,"idexxquantitray","mpn","mpn",NA,NA,NA,NA,NA,NA,NA,NA
"113","cbf_104","grabsample","none",196,"idexxquantitray","mpn","mpn",NA,NA,NA,NA,73,"idexxquantitray","mpn","mpn"
"114","cbf_98","grabsample","none",236,"idexxquantitray","mpn","mpn",NA,NA,NA,NA,NA,NA,NA,NA
"115","cbf_97","grabsample","none",105,"idexxquantitray","mpn","mpn",NA,NA,NA,NA,NA,NA,NA,NA
"116","cbf_100","grabsample","none",133,"idexxquantitray","mpn","mpn",NA,NA,NA,NA,NA,NA,NA,NA
"117","cbf_99","grabsample","none",126,"idexxquantitray","mpn","mpn",NA,NA,NA,NA,NA,NA,NA,NA
"118","cbf_110","grabsample","none",145,"idexxquantitray","mpn","mpn",NA,NA,NA,NA,510,"idexxquantitray","mpn","mpn"
"119","cbf_101","grabsample","none",166,"idexxquantitray","mpn","mpn",NA,NA,NA,NA,NA,NA,NA,NA
"120","cbf_107","grabsample","none",2420,"idexxquantitray","mpn","mpn",NA,NA,NA,NA,NA,NA,NA,NA
"121","cbf_103","grabsample","none",276,"idexxquantitray","mpn","mpn",NA,NA,NA,NA,NA,NA,NA,NA
"122","cbf_109","grabsample","none",248,"idexxquantitray","mpn","mpn",NA,NA,NA,NA,860,"idexxquantitray","mpn","mpn"
"123","cbf_108","grabsample","none",125,"idexxquantitray","mpn","mpn",NA,NA,NA,NA,280,"idexxquantitray","mpn","mpn"
"124","cbf_102","grabsample","none",192,"idexxquantitray","mpn","mpn",NA,NA,NA,NA,NA,NA,NA,NA
"125","cbf_106","grabsample","none",79,"idexxquantitray","mpn","mpn",NA,NA,NA,NA,105,"idexxquantitray","mpn","mpn"
"126","cbf_105","grabsample","none",48,"idexxquantitray","mpn","mpn",NA,NA,NA,NA,NA,NA,NA,NA
"127","cbf_122","grabsample","none",19,"idexxquantitray","mpn","mpn",NA,NA,NA,NA,30,"idexxquantitray","mpn","mpn"
"128","cbf_112","grabsample","none",33,"idexxquantitray","mpn","mpn",NA,NA,NA,NA,NA,NA,NA,NA
"129","cbf_113","grabsample","none",34,"idexxquantitray","mpn","mpn",NA,NA,NA,NA,NA,NA,NA,NA
"130","cbf_118","grabsample","none",9,"idexxquantitray","mpn","mpn",NA,NA,NA,NA,14,"idexxquantitray","mpn","mpn"
"131","cbf_115","grabsample","none",148,"idexxquantitray","mpn","mpn",NA,NA,NA,NA,NA,NA,NA,NA
"132","cbf_116","grabsample","none",93,"idexxquantitray","mpn","mpn",NA,NA,NA,NA,NA,NA,NA,NA
"133","cbf_117","grabsample","none",13,"idexxquantitray","mpn","mpn",NA,NA,NA,NA,NA,NA,NA,NA
"134","cbf_121","grabsample","none",31,"idexxquantitray","mpn","mpn",NA,NA,NA,NA,NA,NA,NA,NA
"135","cbf_120","grabsample","none",47,"idexxquantitray","mpn","mpn",NA,NA,NA,NA,91,"idexxquantitray","mpn","mpn"
"136","cbf_119","grabsample","none",9,"idexxquantitray","mpn","mpn",NA,NA,NA,NA,NA,NA,NA,NA
"137","cbf_111","grabsample","none",48,"idexxquantitray","mpn","mpn",NA,NA,NA,NA,NA,NA,NA,NA
"138","cbf_114","grabsample","none",19,"idexxquantitray","mpn","mpn",NA,NA,NA,NA,NA,NA,NA,NA
"139","cbf_124","grabsample","none",5,"idexxquantitray","mpn","mpn",NA,NA,NA,NA,23,"idexxquantitray","mpn","mpn"
"140","cbf_123","grabsample","none",9,"idexxquantitray","mpn","mpn",NA,NA,NA,NA,118,"idexxquantitray","mpn","mpn"
"141","cbf_247","grabsample","none",240,"idexxquantitray","mpn","mpn",NA,NA,NA,NA,NA,NA,NA,NA
"142","cbf_246","grabsample","none",820,"idexxquantitray","mpn","mpn",NA,NA,NA,NA,NA,NA,NA,NA
"143","cbf_258","grabsample","none",1600,"idexxquantitray","mpn","mpn",NA,NA,NA,NA,NA,NA,NA,NA
"144","cbf_253","grabsample","none",2400,"idexxquantitray","mpn","mpn",NA,NA,NA,NA,NA,NA,NA,NA
"145","cbf_248","grabsample","none",2419,"idexxquantitray","mpn","mpn",NA,NA,NA,NA,NA,NA,NA,NA
"146","cbf_255","grabsample","none",3400,"idexxquantitray","mpn","mpn",NA,NA,NA,NA,NA,NA,NA,NA
"147","cbf_260","grabsample","none",4900,"idexxquantitray","mpn","mpn",NA,NA,NA,NA,NA,NA,NA,NA
"148","cbf_249","grabsample","none",5500,"idexxquantitray","mpn","mpn",NA,NA,NA,NA,NA,NA,NA,NA
"149","cbf_254","grabsample","none",6500,"idexxquantitray","mpn","mpn",NA,NA,NA,NA,NA,NA,NA,NA
"150","cbf_256","grabsample","none",7300,"idexxquantitray","mpn","mpn",NA,NA,NA,NA,NA,NA,NA,NA
"151","cbf_252","grabsample","none",9200,"idexxquantitray","mpn","mpn",NA,NA,NA,NA,NA,NA,NA,NA
"152","cbf_251","grabsample","none",17000,"idexxquantitray","mpn","mpn",NA,NA,NA,NA,NA,NA,NA,NA
"153","cbf_250","grabsample","none",24000,"idexxquantitray","mpn","mpn",NA,NA,NA,NA,NA,NA,NA,NA
"154","cbf_259","grabsample","none",24196,"idexxquantitray","mpn","mpn",NA,NA,NA,NA,NA,NA,NA,NA
"155","cbf_257","grabsample","none",20000,"idexxquantitray","mpn","mpn",NA,NA,NA,NA,NA,NA,NA,NA
"156","cbf_303","grabsample","none",10,"idexxquantitray","mpn","mpn",NA,NA,NA,NA,NA,NA,NA,NA
"157","cbf_309","grabsample","none",10,"idexxquantitray","mpn","mpn",NA,NA,NA,NA,NA,NA,NA,NA
"158","cbf_299","grabsample","none",20,"idexxquantitray","mpn","mpn",NA,NA,NA,NA,NA,NA,NA,NA
"159","cbf_300","grabsample","none",20,"idexxquantitray","mpn","mpn",NA,NA,NA,NA,NA,NA,NA,NA
"160","cbf_306","grabsample","none",20,"idexxquantitray","mpn","mpn",NA,NA,NA,NA,NA,NA,NA,NA
"161","cbf_308","grabsample","none",31,"idexxquantitray","mpn","mpn",NA,NA,NA,NA,NA,NA,NA,NA
"162","cbf_304","grabsample","none",51,"idexxquantitray","mpn","mpn",NA,NA,NA,NA,NA,NA,NA,NA
"163","cbf_307","grabsample","none",52,"idexxquantitray","mpn","mpn",NA,NA,NA,NA,NA,NA,NA,NA
"164","cbf_302","grabsample","none",53,"idexxquantitray","mpn","mpn",NA,NA,NA,NA,NA,NA,NA,NA
"165","cbf_298","grabsample","none",66,"idexxquantitray","mpn","mpn",NA,NA,NA,NA,NA,NA,NA,NA
"166","cbf_297","grabsample","none",98,"idexxquantitray","mpn","mpn",NA,NA,NA,NA,NA,NA,NA,NA
"167","cbf_301","grabsample","none",240,"idexxquantitray","mpn","mpn",NA,NA,NA,NA,NA,NA,NA,NA
"168","cbf_305","grabsample","none",270,"idexxquantitray","mpn","mpn",NA,NA,NA,NA,NA,NA,NA,NA
"169","cbf_314","grabsample","none",170,"idexxquantitray","mpn","mpn",NA,NA,NA,NA,NA,NA,NA,NA
"170","cbf_313","grabsample","none",320,"idexxquantitray","mpn","mpn",NA,NA,NA,NA,NA,NA,NA,NA
"171","cbf_320","grabsample","none",460,"idexxquantitray","mpn","mpn",NA,NA,NA,NA,NA,NA,NA,NA
"172","cbf_310","grabsample","none",920,"idexxquantitray","mpn","mpn",NA,NA,NA,NA,NA,NA,NA,NA
"173","cbf_318","grabsample","none",980,"idexxquantitray","mpn","mpn",NA,NA,NA,NA,NA,NA,NA,NA
"174","cbf_311","grabsample","none",1300,"idexxquantitray","mpn","mpn",NA,NA,NA,NA,NA,NA,NA,NA
"175","cbf_316","grabsample","none",4900,"idexxquantitray","mpn","mpn",NA,NA,NA,NA,NA,NA,NA,NA
"176","cbf_319","grabsample","none",6500,"idexxquantitray","mpn","mpn",NA,NA,NA,NA,NA,NA,NA,NA
"177","cbf_315","grabsample","none",2400,"idexxquantitray","mpn","mpn",NA,NA,NA,NA,NA,NA,NA,NA
"178","cbf_317","grabsample","none",3400,"idexxquantitray","mpn","mpn",NA,NA,NA,NA,NA,NA,NA,NA
"179","cbf_312","grabsample","none",310,"idexxquantitray","mpn","mpn",NA,NA,NA,NA,NA,NA,NA,NA
"180","cbf_445","grabsample","none",1,"idexxquantitray","mpn","mpn",NA,NA,NA,NA,NA,NA,NA,NA
"181","cbf_446","grabsample","none",2,"idexxquantitray","mpn","mpn",NA,NA,NA,NA,NA,NA,NA,NA
"182","cbf_447","grabsample","none",1,"idexxquantitray","mpn","mpn",NA,NA,NA,NA,NA,NA,NA,NA
"183","cbf_441","grabsample","none",3,"idexxquantitray","mpn","mpn",NA,NA,NA,NA,NA,NA,NA,NA
"184","cbf_443","grabsample","none",35,"idexxquantitray","mpn","mpn",NA,NA,NA,NA,NA,NA,NA,NA
"185","cbf_444","grabsample","none",9,"idexxquantitray","mpn","mpn",NA,NA,NA,NA,NA,NA,NA,NA
"186","cbf_450","grabsample","none",7,"idexxquantitray","mpn","mpn",NA,NA,NA,NA,43,"idexxquantitray","mpn","mpn"
"187","cbf_451","grabsample","none",8,"idexxquantitray","mpn","mpn",NA,NA,NA,NA,153,"idexxquantitray","mpn","mpn"
"188","cbf_440","grabsample","none",15,"idexxquantitray","mpn","mpn",NA,NA,NA,NA,NA,NA,NA,NA
"189","cbf_449","grabsample","none",124,"idexxquantitray","mpn","mpn",NA,NA,NA,NA,NA,NA,NA,NA
"190","cbf_452","grabsample","none",4,"idexxquantitray","mpn","mpn",NA,NA,NA,NA,99,"idexxquantitray","mpn","mpn"
"191","cbf_439","grabsample","none",6,"idexxquantitray","mpn","mpn",NA,NA,NA,NA,5,"idexxquantitray","mpn","mpn"
"192","cbf_448","grabsample","none",23,"idexxquantitray","mpn","mpn",NA,NA,NA,NA,54,"idexxquantitray","mpn","mpn"
"193","cbf_442","grabsample","none",15,"idexxquantitray","mpn","mpn",NA,NA,NA,NA,NA,NA,NA,NA
"194","cbf_522","grabsample","none",NA,NA,NA,NA,22320,"idexxquantitray","mpn","mpn",NA,NA,NA,NA
"195","cbf_518","grabsample","none",NA,NA,NA,NA,2300,"idexxquantitray","mpn","mpn",NA,NA,NA,NA
"196","cbf_521","grabsample","none",NA,NA,NA,NA,2600,"idexxquantitray","mpn","mpn",NA,NA,NA,NA
"197","cbf_519","grabsample","none",NA,NA,NA,NA,1600,"idexxquantitray","mpn","mpn",NA,NA,NA,NA
"198","cbf_516","grabsample","none",NA,NA,NA,NA,1700,"idexxquantitray","mpn","mpn",NA,NA,NA,NA
"199","cbf_517","grabsample","none",NA,NA,NA,NA,4400,"idexxquantitray","mpn","mpn",NA,NA,NA,NA
"200","cbf_523","grabsample","none",NA,NA,NA,NA,900,"idexxquantitray","mpn","mpn",NA,NA,NA,NA
"201","cbf_520","grabsample","none",NA,NA,NA,NA,17280,"idexxquantitray","mpn","mpn",NA,NA,NA,NA
"202","cbf_144","grabsample","none",NA,NA,NA,NA,310,"idexxquantitray","mpn","mpn",NA,NA,NA,NA
"203","cbf_142","grabsample","none",NA,NA,NA,NA,80,"idexxquantitray","mpn","mpn",NA,NA,NA,NA
"204","cbf_140","grabsample","none",NA,NA,NA,NA,36,"idexxquantitray","mpn","mpn",NA,NA,NA,NA
"205","cbf_141","grabsample","none",NA,NA,NA,NA,360,"idexxquantitray","mpn","mpn",NA,NA,NA,NA
"206","cbf_143","grabsample","none",NA,NA,NA,NA,120,"idexxquantitray","mpn","mpn",NA,NA,NA,NA
"207","cbf_145","grabsample","none",NA,NA,NA,NA,0,"idexxquantitray","mpn","mpn",NA,NA,NA,NA
"208","cbf_146","grabsample","none",NA,NA,NA,NA,10,"idexxquantitray","mpn","mpn",NA,NA,NA,NA
"209","cbf_139","grabsample","none",NA,NA,NA,NA,570,"idexxquantitray","mpn","mpn",NA,NA,NA,NA
"210","cbf_77","grabsample","none",NA,NA,NA,NA,4600,"idexxquantitray","mpn","mpn",NA,NA,NA,NA
"211","cbf_76","grabsample","none",NA,NA,NA,NA,17000,"idexxquantitray","mpn","mpn",NA,NA,NA,NA
"212","cbf_71","grabsample","none",NA,NA,NA,NA,3800,"idexxquantitray","mpn","mpn",NA,NA,NA,NA
"213","cbf_74","grabsample","none",NA,NA,NA,NA,4000,"idexxquantitray","mpn","mpn",NA,NA,NA,NA
"214","cbf_75","grabsample","none",NA,NA,NA,NA,1400,"idexxquantitray","mpn","mpn",NA,NA,NA,NA
"215","cbf_72","grabsample","none",NA,NA,NA,NA,885,"idexxquantitray","mpn","mpn",NA,NA,NA,NA
"216","cbf_78","grabsample","none",NA,NA,NA,NA,850,"idexxquantitray","mpn","mpn",NA,NA,NA,NA
"217","cbf_73","grabsample","none",NA,NA,NA,NA,2900,"idexxquantitray","mpn","mpn",NA,NA,NA,NA
"218","cbf_417","grabsample","none",NA,NA,NA,NA,9600,"idexxquantitray","mpn","mpn",NA,NA,NA,NA
"219","cbf_412","grabsample","none",NA,NA,NA,NA,1400,"idexxquantitray","mpn","mpn",NA,NA,NA,NA
"220","cbf_411","grabsample","none",NA,NA,NA,NA,6900,"idexxquantitray","mpn","mpn",NA,NA,NA,NA
"221","cbf_413","grabsample","none",NA,NA,NA,NA,4700,"idexxquantitray","mpn","mpn",NA,NA,NA,NA
"222","cbf_414","grabsample","none",NA,NA,NA,NA,4650,"idexxquantitray","mpn","mpn",NA,NA,NA,NA
"223","cbf_416","grabsample","none",NA,NA,NA,NA,10800,"idexxquantitray","mpn","mpn",NA,NA,NA,NA
"224","cbf_415","grabsample","none",NA,NA,NA,NA,5700,"idexxquantitray","mpn","mpn",NA,NA,NA,NA
"225","cbf_418","grabsample","none",NA,NA,NA,NA,3200,"idexxquantitray","mpn","mpn",NA,NA,NA,NA
"226","cbf_267","grabsample","none",NA,NA,NA,NA,0,"idexxquantitray","mpn","mpn",NA,NA,NA,NA
"227","cbf_261","grabsample","none",NA,NA,NA,NA,12800,"idexxquantitray","mpn","mpn",NA,NA,NA,NA
"228","cbf_264","grabsample","none",NA,NA,NA,NA,1200,"idexxquantitray","mpn","mpn",NA,NA,NA,NA
"229","cbf_263","grabsample","none",NA,NA,NA,NA,7650,"idexxquantitray","mpn","mpn",NA,NA,NA,NA
"230","cbf_266","grabsample","none",NA,NA,NA,NA,600,"idexxquantitray","mpn","mpn",NA,NA,NA,NA
"231","cbf_262","grabsample","none",NA,NA,NA,NA,3760,"idexxquantitray","mpn","mpn",NA,NA,NA,NA
"232","cbf_268","grabsample","none",NA,NA,NA,NA,800,"idexxquantitray","mpn","mpn",NA,NA,NA,NA
"233","cbf_265","grabsample","none",NA,NA,NA,NA,1480,"idexxquantitray","mpn","mpn",NA,NA,NA,NA
"234","cbf_373","grabsample","none",NA,NA,NA,NA,400,"idexxquantitray","mpn","mpn",NA,NA,NA,NA
"235","cbf_376","grabsample","none",NA,NA,NA,NA,1200,"idexxquantitray","mpn","mpn",NA,NA,NA,NA
"236","cbf_374","grabsample","none",NA,NA,NA,NA,300,"idexxquantitray","mpn","mpn",NA,NA,NA,NA
"237","cbf_372","grabsample","none",NA,NA,NA,NA,760,"idexxquantitray","mpn","mpn",NA,NA,NA,NA
"238","cbf_377","grabsample","none",NA,NA,NA,NA,1120,"idexxquantitray","mpn","mpn",NA,NA,NA,NA
"239","cbf_370","grabsample","none",NA,NA,NA,NA,720,"idexxquantitray","mpn","mpn",NA,NA,NA,NA
"240","cbf_371","grabsample","none",NA,NA,NA,NA,279,"idexxquantitray","mpn","mpn",NA,NA,NA,NA
"241","cbf_375","grabsample","none",NA,NA,NA,NA,360,"idexxquantitray","mpn","mpn",NA,NA,NA,NA
"242","cbf_80","grabsample","none",NA,NA,NA,NA,14680,"idexxquantitray","mpn","mpn",NA,NA,NA,NA
"243","cbf_85","grabsample","none",NA,NA,NA,NA,930,"idexxquantitray","mpn","mpn",NA,NA,NA,NA
"244","cbf_86","grabsample","none",NA,NA,NA,NA,161,"idexxquantitray","mpn","mpn",NA,NA,NA,NA
"245","cbf_79","grabsample","none",NA,NA,NA,NA,620,"idexxquantitray","mpn","mpn",NA,NA,NA,NA
"246","cbf_81","grabsample","none",NA,NA,NA,NA,8000,"idexxquantitray","mpn","mpn",NA,NA,NA,NA
"247","cbf_83","grabsample","none",NA,NA,NA,NA,2200,"idexxquantitray","mpn","mpn",NA,NA,NA,NA
"248","cbf_84","grabsample","none",NA,NA,NA,NA,460,"idexxquantitray","mpn","mpn",NA,NA,NA,NA
"249","cbf_82","grabsample","none",NA,NA,NA,NA,340,"idexxquantitray","mpn","mpn",NA,NA,NA,NA
"250","cbf_423","grabsample","none",NA,NA,NA,NA,2500,"idexxquantitray","mpn","mpn",NA,NA,NA,NA
"251","cbf_425","grabsample","none",NA,NA,NA,NA,1482,"idexxquantitray","mpn","mpn",NA,NA,NA,NA
"252","cbf_419","grabsample","none",NA,NA,NA,NA,1120,"idexxquantitray","mpn","mpn",NA,NA,NA,NA
"253","cbf_420","grabsample","none",NA,NA,NA,NA,16300,"idexxquantitray","mpn","mpn",NA,NA,NA,NA
"254","cbf_424","grabsample","none",NA,NA,NA,NA,1040,"idexxquantitray","mpn","mpn",NA,NA,NA,NA
"255","cbf_422","grabsample","none",NA,NA,NA,NA,630,"idexxquantitray","mpn","mpn",NA,NA,NA,NA
"256","cbf_426","grabsample","none",NA,NA,NA,NA,400,"idexxquantitray","mpn","mpn",NA,NA,NA,NA
"257","cbf_421","grabsample","none",NA,NA,NA,NA,8350,"idexxquantitray","mpn","mpn",NA,NA,NA,NA
"258","cbf_272","grabsample","none",NA,NA,NA,NA,2500,"idexxquantitray","mpn","mpn",NA,NA,NA,NA
"259","cbf_274","grabsample","none",NA,NA,NA,NA,920,"idexxquantitray","mpn","mpn",NA,NA,NA,NA
"260","cbf_269","grabsample","none",NA,NA,NA,NA,3200,"idexxquantitray","mpn","mpn",NA,NA,NA,NA
"261","cbf_275","grabsample","none",NA,NA,NA,NA,650,"idexxquantitray","mpn","mpn",NA,NA,NA,NA
"262","cbf_271","grabsample","none",NA,NA,NA,NA,3900,"idexxquantitray","mpn","mpn",NA,NA,NA,NA
"263","cbf_270","grabsample","none",NA,NA,NA,NA,19800,"idexxquantitray","mpn","mpn",NA,NA,NA,NA
"264","cbf_273","grabsample","none",NA,NA,NA,NA,2325,"idexxquantitray","mpn","mpn",NA,NA,NA,NA
"265","cbf_380","grabsample","none",NA,NA,NA,NA,3200,"idexxquantitray","mpn","mpn",NA,NA,NA,NA
"266","cbf_383","grabsample","none",NA,NA,NA,NA,1005,"idexxquantitray","mpn","mpn",NA,NA,NA,NA
"267","cbf_381","grabsample","none",NA,NA,NA,NA,560,"idexxquantitray","mpn","mpn",NA,NA,NA,NA
"268","cbf_378","grabsample","none",NA,NA,NA,NA,840,"idexxquantitray","mpn","mpn",NA,NA,NA,NA
"269","cbf_384","grabsample","none",NA,NA,NA,NA,1070,"idexxquantitray","mpn","mpn",NA,NA,NA,NA
"270","cbf_379","grabsample","none",NA,NA,NA,NA,6400,"idexxquantitray","mpn","mpn",NA,NA,NA,NA
"271","cbf_382","grabsample","none",NA,NA,NA,NA,2050,"idexxquantitray","mpn","mpn",NA,NA,NA,NA
"272","cbf_453","grabsample","none",NA,NA,NA,NA,392,"idexxquantitray","mpn","mpn",NA,NA,NA,NA
"273","cbf_454","grabsample","none",NA,NA,NA,NA,300,"idexxquantitray","mpn","mpn",NA,NA,NA,NA
"274","cbf_459","grabsample","none",NA,NA,NA,NA,14100,"idexxquantitray","mpn","mpn",NA,NA,NA,NA
"275","cbf_458","grabsample","none",NA,NA,NA,NA,690,"idexxquantitray","mpn","mpn",NA,NA,NA,NA
"276","cbf_455","grabsample","none",NA,NA,NA,NA,31600,"idexxquantitray","mpn","mpn",NA,NA,NA,NA
"277","cbf_456","grabsample","none",NA,NA,NA,NA,360,"idexxquantitray","mpn","mpn",NA,NA,NA,NA
"278","cbf_457","grabsample","none",NA,NA,NA,NA,6800,"idexxquantitray","mpn","mpn",NA,NA,NA,NA
"279","cbf_200","grabsample","none",NA,NA,NA,NA,14800,"idexxquantitray","mpn","mpn",NA,NA,NA,NA
"280","cbf_198","grabsample","none",NA,NA,NA,NA,704,"idexxquantitray","mpn","mpn",NA,NA,NA,NA
"281","cbf_204","grabsample","none",NA,NA,NA,NA,235,"idexxquantitray","mpn","mpn",NA,NA,NA,NA
"282","cbf_201","grabsample","none",NA,NA,NA,NA,890,"idexxquantitray","mpn","mpn",NA,NA,NA,NA
"283","cbf_202","grabsample","none",NA,NA,NA,NA,390,"idexxquantitray","mpn","mpn",NA,NA,NA,NA
"284","cbf_203","grabsample","none",NA,NA,NA,NA,90,"idexxquantitray","mpn","mpn",NA,NA,NA,NA
"285","cbf_199","grabsample","none",NA,NA,NA,NA,810,"idexxquantitray","mpn","mpn",NA,NA,NA,NA
"286","cbf_205","grabsample","none",NA,NA,NA,NA,1000,"idexxquantitray","mpn","mpn",NA,NA,NA,NA
"287","cbf_209","grabsample","none",NA,NA,NA,NA,900,"idexxquantitray","mpn","mpn",NA,NA,NA,NA
"288","cbf_207","grabsample","none",NA,NA,NA,NA,125,"idexxquantitray","mpn","mpn",NA,NA,NA,NA
"289","cbf_208","grabsample","none",NA,NA,NA,NA,5100,"idexxquantitray","mpn","mpn",NA,NA,NA,NA
"290","cbf_211","grabsample","none",NA,NA,NA,NA,76,"idexxquantitray","mpn","mpn",NA,NA,NA,NA
"291","cbf_210","grabsample","none",NA,NA,NA,NA,310,"idexxquantitray","mpn","mpn",NA,NA,NA,NA
"292","cbf_212","grabsample","none",NA,NA,NA,NA,272,"idexxquantitray","mpn","mpn",NA,NA,NA,NA
"293","cbf_206","grabsample","none",NA,NA,NA,NA,204,"idexxquantitray","mpn","mpn",NA,NA,NA,NA
"294","cbf_195","grabsample","none",NA,NA,NA,NA,70,"idexxquantitray","mpn","mpn",NA,NA,NA,NA
"295","cbf_190","grabsample","none",NA,NA,NA,NA,135,"idexxquantitray","mpn","mpn",NA,NA,NA,NA
"296","cbf_191","grabsample","none",NA,NA,NA,NA,125,"idexxquantitray","mpn","mpn",NA,NA,NA,NA
"297","cbf_194","grabsample","none",NA,NA,NA,NA,365,"idexxquantitray","mpn","mpn",NA,NA,NA,NA
"298","cbf_192","grabsample","none",NA,NA,NA,NA,9100,"idexxquantitray","mpn","mpn",NA,NA,NA,NA
"299","cbf_197","grabsample","none",NA,NA,NA,NA,600,"idexxquantitray","mpn","mpn",NA,NA,NA,NA
"300","cbf_193","grabsample","none",NA,NA,NA,NA,300,"idexxquantitray","mpn","mpn",NA,NA,NA,NA
"301","cbf_196","grabsample","none",NA,NA,NA,NA,213,"idexxquantitray","mpn","mpn",NA,NA,NA,NA
"302","cbf_189","grabsample","none",NA,NA,NA,NA,1700,"idexxquantitray","mpn","mpn",NA,NA,NA,NA
"303","cbf_188","grabsample","none",NA,NA,NA,NA,167,"idexxquantitray","mpn","mpn",NA,NA,NA,NA
"304","cbf_186","grabsample","none",NA,NA,NA,NA,605,"idexxquantitray","mpn","mpn",NA,NA,NA,NA
"305","cbf_183","grabsample","none",NA,NA,NA,NA,75,"idexxquantitray","mpn","mpn",NA,NA,NA,NA
"306","cbf_182","grabsample","none",NA,NA,NA,NA,80,"idexxquantitray","mpn","mpn",NA,NA,NA,NA
"307","cbf_187","grabsample","none",NA,NA,NA,NA,33,"idexxquantitray","mpn","mpn",NA,NA,NA,NA
"308","cbf_184","grabsample","none",NA,NA,NA,NA,25100,"idexxquantitray","mpn","mpn",NA,NA,NA,NA
"309","cbf_185","grabsample","none",NA,NA,NA,NA,305,"idexxquantitray","mpn","mpn",NA,NA,NA,NA
"310","cbf_223","grabsample","none",NA,NA,NA,NA,225,"idexxquantitray","mpn","mpn",NA,NA,NA,NA
"311","cbf_224","grabsample","none",NA,NA,NA,NA,3000,"idexxquantitray","mpn","mpn",NA,NA,NA,NA
"312","cbf_219","grabsample","none",NA,NA,NA,NA,13800,"idexxquantitray","mpn","mpn",NA,NA,NA,NA
"313","cbf_217","grabsample","none",NA,NA,NA,NA,560,"idexxquantitray","mpn","mpn",NA,NA,NA,NA
"314","cbf_222","grabsample","none",NA,NA,NA,NA,270,"idexxquantitray","mpn","mpn",NA,NA,NA,NA
"315","cbf_221","grabsample","none",NA,NA,NA,NA,600,"idexxquantitray","mpn","mpn",NA,NA,NA,NA
"316","cbf_220","grabsample","none",NA,NA,NA,NA,510,"idexxquantitray","mpn","mpn",NA,NA,NA,NA
"317","cbf_218","grabsample","none",NA,NA,NA,NA,175,"idexxquantitray","mpn","mpn",NA,NA,NA,NA
"318","cbf_364","grabsample","none",NA,NA,NA,NA,50,"idexxquantitray","mpn","mpn",NA,NA,NA,NA
"319","cbf_365","grabsample","none",NA,NA,NA,NA,666,"idexxquantitray","mpn","mpn",NA,NA,NA,NA
"320","cbf_368","grabsample","none",NA,NA,NA,NA,0,"idexxquantitray","mpn","mpn",NA,NA,NA,NA
"321","cbf_361","grabsample","none",NA,NA,NA,NA,130,"idexxquantitray","mpn","mpn",NA,NA,NA,NA
"322","cbf_362","grabsample","none",NA,NA,NA,NA,40,"idexxquantitray","mpn","mpn",NA,NA,NA,NA
"323","cbf_366","grabsample","none",NA,NA,NA,NA,1900,"idexxquantitray","mpn","mpn",NA,NA,NA,NA
"324","cbf_369","grabsample","none",NA,NA,NA,NA,0,"idexxquantitray","mpn","mpn",NA,NA,NA,NA
"325","cbf_360","grabsample","none",NA,NA,NA,NA,0,"idexxquantitray","mpn","mpn",NA,NA,NA,NA
"326","cbf_363","grabsample","none",NA,NA,NA,NA,120,"idexxquantitray","mpn","mpn",NA,NA,NA,NA
"327","cbf_367","grabsample","none",NA,NA,NA,NA,20,"idexxquantitray","mpn","mpn",NA,NA,NA,NA
"328","cbf_468","grabsample","none",NA,NA,NA,NA,6700,"idexxquantitray","mpn","mpn",NA,NA,NA,NA
"329","cbf_464","grabsample","none",NA,NA,NA,NA,19500,"idexxquantitray","mpn","mpn",NA,NA,NA,NA
"330","cbf_467","grabsample","none",NA,NA,NA,NA,6700,"idexxquantitray","mpn","mpn",NA,NA,NA,NA
"331","cbf_462","grabsample","none",NA,NA,NA,NA,631,"idexxquantitray","mpn","mpn",NA,NA,NA,NA
"332","cbf_466","grabsample","none",NA,NA,NA,NA,273,"idexxquantitray","mpn","mpn",NA,NA,NA,NA
"333","cbf_461","grabsample","none",NA,NA,NA,NA,280,"idexxquantitray","mpn","mpn",NA,NA,NA,NA
"334","cbf_463","grabsample","none",NA,NA,NA,NA,890,"idexxquantitray","mpn","mpn",NA,NA,NA,NA
"335","cbf_460","grabsample","none",NA,NA,NA,NA,450,"idexxquantitray","mpn","mpn",NA,NA,NA,NA
"336","cbf_465","grabsample","none",NA,NA,NA,NA,1200,"idexxquantitray","mpn","mpn",NA,NA,NA,NA
"337","cbf_168","grabsample","none",NA,NA,NA,NA,1000,"idexxquantitray","mpn","mpn",NA,NA,NA,NA
"338","cbf_164","grabsample","none",NA,NA,NA,NA,130,"idexxquantitray","mpn","mpn",NA,NA,NA,NA
"339","cbf_159","grabsample","none",NA,NA,NA,NA,80,"idexxquantitray","mpn","mpn",NA,NA,NA,NA
"340","cbf_161","grabsample","none",NA,NA,NA,NA,300,"idexxquantitray","mpn","mpn",NA,NA,NA,NA
"341","cbf_166","grabsample","none",NA,NA,NA,NA,26500,"idexxquantitray","mpn","mpn",NA,NA,NA,NA
"342","cbf_163","grabsample","none",NA,NA,NA,NA,150,"idexxquantitray","mpn","mpn",NA,NA,NA,NA
"343","cbf_169","grabsample","none",NA,NA,NA,NA,3033,"idexxquantitray","mpn","mpn",NA,NA,NA,NA
"344","cbf_160","grabsample","none",NA,NA,NA,NA,210,"idexxquantitray","mpn","mpn",NA,NA,NA,NA
"345","cbf_165","grabsample","none",NA,NA,NA,NA,9400,"idexxquantitray","mpn","mpn",NA,NA,NA,NA
"346","cbf_167","grabsample","none",NA,NA,NA,NA,140,"idexxquantitray","mpn","mpn",NA,NA,NA,NA
"347","cbf_162","grabsample","none",NA,NA,NA,NA,166,"idexxquantitray","mpn","mpn",NA,NA,NA,NA
"348","cbf_177","grabsample","none",NA,NA,NA,NA,566,"idexxquantitray","mpn","mpn",NA,NA,NA,NA
"349","cbf_176","grabsample","none",NA,NA,NA,NA,130,"idexxquantitray","mpn","mpn",NA,NA,NA,NA
"350","cbf_180","grabsample","none",NA,NA,NA,NA,600,"idexxquantitray","mpn","mpn",NA,NA,NA,NA
"351","cbf_172","grabsample","none",NA,NA,NA,NA,3600,"idexxquantitray","mpn","mpn",NA,NA,NA,NA
"352","cbf_171","grabsample","none",NA,NA,NA,NA,566,"idexxquantitray","mpn","mpn",NA,NA,NA,NA
"353","cbf_178","grabsample","none",NA,NA,NA,NA,39400,"idexxquantitray","mpn","mpn",NA,NA,NA,NA
"354","cbf_175","grabsample","none",NA,NA,NA,NA,140,"idexxquantitray","mpn","mpn",NA,NA,NA,NA
"355","cbf_173","grabsample","none",NA,NA,NA,NA,300,"idexxquantitray","mpn","mpn",NA,NA,NA,NA
"356","cbf_181","grabsample","none",NA,NA,NA,NA,8300,"idexxquantitray","mpn","mpn",NA,NA,NA,NA
"357","cbf_170","grabsample","none",NA,NA,NA,NA,60,"idexxquantitray","mpn","mpn",NA,NA,NA,NA
"358","cbf_179","grabsample","none",NA,NA,NA,NA,120,"idexxquantitray","mpn","mpn",NA,NA,NA,NA
"359","cbf_174","grabsample","none",NA,NA,NA,NA,60,"idexxquantitray","mpn","mpn",NA,NA,NA,NA
"360","cbf_234","grabsample","none",NA,NA,NA,NA,460,"idexxquantitray","mpn","mpn",NA,NA,NA,NA
"361","cbf_235","grabsample","none",NA,NA,NA,NA,8700,"idexxquantitray","mpn","mpn",NA,NA,NA,NA
"362","cbf_232","grabsample","none",NA,NA,NA,NA,2500,"idexxquantitray","mpn","mpn",NA,NA,NA,NA
"363","cbf_226","grabsample","none",NA,NA,NA,NA,100,"idexxquantitray","mpn","mpn",NA,NA,NA,NA
"364","cbf_233","grabsample","none",NA,NA,NA,NA,9000,"idexxquantitray","mpn","mpn",NA,NA,NA,NA
"365","cbf_229","grabsample","none",NA,NA,NA,NA,240,"idexxquantitray","mpn","mpn",NA,NA,NA,NA
"366","cbf_225","grabsample","none",NA,NA,NA,NA,124,"idexxquantitray","mpn","mpn",NA,NA,NA,NA
"367","cbf_230","grabsample","none",NA,NA,NA,NA,280,"idexxquantitray","mpn","mpn",NA,NA,NA,NA
"368","cbf_236","grabsample","none",NA,NA,NA,NA,2600,"idexxquantitray","mpn","mpn",NA,NA,NA,NA
"369","cbf_227","grabsample","none",NA,NA,NA,NA,510,"idexxquantitray","mpn","mpn",NA,NA,NA,NA
"370","cbf_228","grabsample","none",NA,NA,NA,NA,733,"idexxquantitray","mpn","mpn",NA,NA,NA,NA
"371","cbf_231","grabsample","none",NA,NA,NA,NA,466,"idexxquantitray","mpn","mpn",NA,NA,NA,NA
"372","cbf_324","grabsample","none",NA,NA,NA,NA,20,"idexxquantitray","mpn","mpn",NA,NA,NA,NA
"373","cbf_325","grabsample","none",NA,NA,NA,NA,4,"idexxquantitray","mpn","mpn",NA,NA,NA,NA
"374","cbf_323","grabsample","none",NA,NA,NA,NA,180,"idexxquantitray","mpn","mpn",NA,NA,NA,NA
"375","cbf_321","grabsample","none",NA,NA,NA,NA,8,"idexxquantitray","mpn","mpn",NA,NA,NA,NA
"376","cbf_322","grabsample","none",NA,NA,NA,NA,4,"idexxquantitray","mpn","mpn",NA,NA,NA,NA
"377","cbf_332","grabsample","none",NA,NA,NA,NA,208,"idexxquantitray","mpn","mpn",NA,NA,NA,NA
"378","cbf_330","grabsample","none",NA,NA,NA,NA,190,"idexxquantitray","mpn","mpn",NA,NA,NA,NA
"379","cbf_329","grabsample","none",NA,NA,NA,NA,28,"idexxquantitray","mpn","mpn",NA,NA,NA,NA
"380","cbf_328","grabsample","none",NA,NA,NA,NA,2,"idexxquantitray","mpn","mpn",NA,NA,NA,NA
"381","cbf_327","grabsample","none",NA,NA,NA,NA,25,"idexxquantitray","mpn","mpn",NA,NA,NA,NA
"382","cbf_331","grabsample","none",NA,NA,NA,NA,120,"idexxquantitray","mpn","mpn",NA,NA,NA,NA
"383","cbf_326","grabsample","none",NA,NA,NA,NA,0,"idexxquantitray","mpn","mpn",NA,NA,NA,NA
"384","cbf_540","grabsample","none",NA,NA,NA,NA,0,"idexxquantitray","mpn","mpn",NA,NA,NA,NA
"385","cbf_539","grabsample","none",NA,NA,NA,NA,225,"idexxquantitray","mpn","mpn",NA,NA,NA,NA
"386","cbf_537","grabsample","none",NA,NA,NA,NA,20,"idexxquantitray","mpn","mpn",NA,NA,NA,NA
"387","cbf_541","grabsample","none",NA,NA,NA,NA,368,"idexxquantitray","mpn","mpn",NA,NA,NA,NA
"388","cbf_538","grabsample","none",NA,NA,NA,NA,88,"idexxquantitray","mpn","mpn",NA,NA,NA,NA
"389","cbf_542","grabsample","none",NA,NA,NA,NA,2016,"idexxquantitray","mpn","mpn",NA,NA,NA,NA
"390","cbf_94","grabsample","none",NA,NA,NA,NA,5,"idexxquantitray","mpn","mpn",NA,NA,NA,NA
"391","cbf_95","grabsample","none",NA,NA,NA,NA,8,"idexxquantitray","mpn","mpn",NA,NA,NA,NA
"392","cbf_96","grabsample","none",NA,NA,NA,NA,260,"idexxquantitray","mpn","mpn",NA,NA,NA,NA
"393","cbf_92","grabsample","none",NA,NA,NA,NA,0,"idexxquantitray","mpn","mpn",NA,NA,NA,NA
"394","cbf_93","grabsample","none",NA,NA,NA,NA,0,"idexxquantitray","mpn","mpn",NA,NA,NA,NA
"395","cbf_213","grabsample","none",NA,NA,NA,NA,3850,"idexxquantitray","mpn","mpn",NA,NA,NA,NA
"396","cbf_216","grabsample","none",NA,NA,NA,NA,72,"idexxquantitray","mpn","mpn",NA,NA,NA,NA
"397","cbf_215","grabsample","none",NA,NA,NA,NA,36,"idexxquantitray","mpn","mpn",NA,NA,NA,NA
"398","cbf_214","grabsample","none",NA,NA,NA,NA,500,"idexxquantitray","mpn","mpn",NA,NA,NA,NA
"399","cbf_386","grabsample","none",NA,NA,NA,NA,780,"idexxquantitray","mpn","mpn",NA,NA,NA,NA
"400","cbf_390","grabsample","none",NA,NA,NA,NA,76,"idexxquantitray","mpn","mpn",NA,NA,NA,NA
"401","cbf_389","grabsample","none",NA,NA,NA,NA,2360,"idexxquantitray","mpn","mpn",NA,NA,NA,NA
"402","cbf_387","grabsample","none",NA,NA,NA,NA,366,"idexxquantitray","mpn","mpn",NA,NA,NA,NA
"403","cbf_385","grabsample","none",NA,NA,NA,NA,964,"idexxquantitray","mpn","mpn",NA,NA,NA,NA
"404","cbf_388","grabsample","none",NA,NA,NA,NA,24,"idexxquantitray","mpn","mpn",NA,NA,NA,NA
"405","cbf_395","grabsample","none",NA,NA,NA,NA,28000,"idexxquantitray","mpn","mpn",NA,NA,NA,NA
"406","cbf_391","grabsample","none",NA,NA,NA,NA,6800,"idexxquantitray","mpn","mpn",NA,NA,NA,NA
"407","cbf_392","grabsample","none",NA,NA,NA,NA,120,"idexxquantitray","mpn","mpn",NA,NA,NA,NA
"408","cbf_396","grabsample","none",NA,NA,NA,NA,9800,"idexxquantitray","mpn","mpn",NA,NA,NA,NA
"409","cbf_394","grabsample","none",NA,NA,NA,NA,9600,"idexxquantitray","mpn","mpn",NA,NA,NA,NA
"410","cbf_393","grabsample","none",NA,NA,NA,NA,8500,"idexxquantitray","mpn","mpn",NA,NA,NA,NA
"411","cbf_1","grabsample","none",NA,NA,NA,NA,400,"idexxquantitray","mpn","mpn",NA,NA,NA,NA
"412","cbf_4","grabsample","none",NA,NA,NA,NA,515,"idexxquantitray","mpn","mpn",NA,NA,NA,NA
"413","cbf_3","grabsample","none",NA,NA,NA,NA,2300,"idexxquantitray","mpn","mpn",NA,NA,NA,NA
"414","cbf_2","grabsample","none",NA,NA,NA,NA,16400,"idexxquantitray","mpn","mpn",NA,NA,NA,NA
"415","cbf_5","grabsample","none",NA,NA,NA,NA,3600,"idexxquantitray","mpn","mpn",NA,NA,NA,NA
"416","cbf_7","grabsample","none",NA,NA,NA,NA,1840,"idexxquantitray","mpn","mpn",NA,NA,NA,NA
"417","cbf_6","grabsample","none",NA,NA,NA,NA,663,"idexxquantitray","mpn","mpn",NA,NA,NA,NA
"418","cbf_8","grabsample","none",NA,NA,NA,NA,2000,"idexxquantitray","mpn","mpn",NA,NA,NA,NA
"419","cbf_15","grabsample","none",NA,NA,NA,NA,324,"idexxquantitray","mpn","mpn",NA,NA,NA,NA
"420","cbf_16","grabsample","none",NA,NA,NA,NA,394,"idexxquantitray","mpn","mpn",NA,NA,NA,NA
"421","cbf_11","grabsample","none",NA,NA,NA,NA,2000,"idexxquantitray","mpn","mpn",NA,NA,NA,NA
"422","cbf_10","grabsample","none",NA,NA,NA,NA,8100,"idexxquantitray","mpn","mpn",NA,NA,NA,NA
"423","cbf_13","grabsample","none",NA,NA,NA,NA,1100,"idexxquantitray","mpn","mpn",NA,NA,NA,NA
"424","cbf_14","grabsample","none",NA,NA,NA,NA,230,"idexxquantitray","mpn","mpn",NA,NA,NA,NA
"425","cbf_12","grabsample","none",NA,NA,NA,NA,280,"idexxquantitray","mpn","mpn",NA,NA,NA,NA
"426","cbf_9","grabsample","none",NA,NA,NA,NA,308,"idexxquantitray","mpn","mpn",NA,NA,NA,NA
"427","cbf_18","grabsample","none",NA,NA,NA,NA,41,"idexxquantitray","mpn","mpn",NA,NA,NA,NA
"428","cbf_19","grabsample","none",NA,NA,NA,NA,110,"idexxquantitray","mpn","mpn",NA,NA,NA,NA
"429","cbf_17","grabsample","none",NA,NA,NA,NA,178,"idexxquantitray","mpn","mpn",NA,NA,NA,NA
"430","cbf_20","grabsample","none",NA,NA,NA,NA,2420,"idexxquantitray","mpn","mpn",NA,NA,NA,NA
"431","cbf_37","grabsample","none",NA,NA,NA,NA,49,"idexxquantitray","mpn","mpn",NA,NA,NA,NA
"432","cbf_35","grabsample","none",NA,NA,NA,NA,866,"idexxquantitray","mpn","mpn",NA,NA,NA,NA
"433","cbf_36","grabsample","none",NA,NA,NA,NA,272,"idexxquantitray","mpn","mpn",NA,NA,NA,NA
"434","cbf_40","grabsample","none",NA,NA,NA,NA,1553,"idexxquantitray","mpn","mpn",NA,NA,NA,NA
"435","cbf_38","grabsample","none",NA,NA,NA,NA,2420,"idexxquantitray","mpn","mpn",NA,NA,NA,NA
"436","cbf_39","grabsample","none",NA,NA,NA,NA,393,"idexxquantitray","mpn","mpn",NA,NA,NA,NA
"437","cbf_41","grabsample","none",NA,NA,NA,NA,82,"idexxquantitray","mpn","mpn",NA,NA,NA,NA
"438","cbf_42","grabsample","none",NA,NA,NA,NA,135,"idexxquantitray","mpn","mpn",NA,NA,NA,NA
"439","cbf_43","grabsample","none",NA,NA,NA,NA,145,"idexxquantitray","mpn","mpn",NA,NA,NA,NA
"440","cbf_49","grabsample","none",NA,NA,NA,NA,17,"idexxquantitray","mpn","mpn",NA,NA,NA,NA
"441","cbf_47","grabsample","none",NA,NA,NA,NA,18,"idexxquantitray","mpn","mpn",NA,NA,NA,NA
"442","cbf_44","grabsample","none",NA,NA,NA,NA,49,"idexxquantitray","mpn","mpn",NA,NA,NA,NA
"443","cbf_46","grabsample","none",NA,NA,NA,NA,60,"idexxquantitray","mpn","mpn",NA,NA,NA,NA
"444","cbf_45","grabsample","none",NA,NA,NA,NA,210,"idexxquantitray","mpn","mpn",NA,NA,NA,NA
"445","cbf_48","grabsample","none",NA,NA,NA,NA,2420,"idexxquantitray","mpn","mpn",NA,NA,NA,NA
"446","cbf_50","grabsample","none",NA,NA,NA,NA,11,"idexxquantitray","mpn","mpn",NA,NA,NA,NA
"447","cbf_52","grabsample","none",NA,NA,NA,NA,100,"idexxquantitray","mpn","mpn",NA,NA,NA,NA
"448","cbf_54","grabsample","none",NA,NA,NA,NA,750,"idexxquantitray","mpn","mpn",NA,NA,NA,NA
"449","cbf_56","grabsample","none",NA,NA,NA,NA,1600,"idexxquantitray","mpn","mpn",NA,NA,NA,NA
"450","cbf_51","grabsample","none",NA,NA,NA,NA,2400,"idexxquantitray","mpn","mpn",NA,NA,NA,NA
"451","cbf_53","grabsample","none",NA,NA,NA,NA,2420,"idexxquantitray","mpn","mpn",NA,NA,NA,NA
"452","cbf_57","grabsample","none",NA,NA,NA,NA,9800,"idexxquantitray","mpn","mpn",NA,NA,NA,NA
"453","cbf_55","grabsample","none",NA,NA,NA,NA,24196,"idexxquantitray","mpn","mpn",NA,NA,NA,NA
"454","cbf_61","grabsample","none",NA,NA,NA,NA,26,"idexxquantitray","mpn","mpn",NA,NA,NA,NA
"455","cbf_62","grabsample","none",NA,NA,NA,NA,38,"idexxquantitray","mpn","mpn",NA,NA,NA,NA
"456","cbf_59","grabsample","none",NA,NA,NA,NA,44,"idexxquantitray","mpn","mpn",NA,NA,NA,NA
"457","cbf_58","grabsample","none",NA,NA,NA,NA,64,"idexxquantitray","mpn","mpn",NA,NA,NA,NA
"458","cbf_60","grabsample","none",NA,NA,NA,NA,120,"idexxquantitray","mpn","mpn",NA,NA,NA,NA
"459","cbf_64","grabsample","none",NA,NA,NA,NA,610,"idexxquantitray","mpn","mpn",NA,NA,NA,NA
"460","cbf_63","grabsample","none",NA,NA,NA,NA,7,"idexxquantitray","mpn","mpn",NA,NA,NA,NA
"461","cbf_66","grabsample","none",NA,NA,NA,NA,615,"idexxquantitray","mpn","mpn",NA,NA,NA,NA
"462","cbf_67","grabsample","none",NA,NA,NA,NA,1600,"idexxquantitray","mpn","mpn",NA,NA,NA,NA
"463","cbf_69","grabsample","none",NA,NA,NA,NA,3500,"idexxquantitray","mpn","mpn",NA,NA,NA,NA
"464","cbf_70","grabsample","none",NA,NA,NA,NA,3700,"idexxquantitray","mpn","mpn",NA,NA,NA,NA
"465","cbf_65","grabsample","none",NA,NA,NA,NA,8800,"idexxquantitray","mpn","mpn",NA,NA,NA,NA
"466","cbf_68","grabsample","none",NA,NA,NA,NA,20200,"idexxquantitray","mpn","mpn",NA,NA,NA,NA
"467","cbf_88","grabsample","none",NA,NA,NA,NA,346,"idexxquantitray","mpn","mpn",NA,NA,NA,NA
"468","cbf_89","grabsample","none",NA,NA,NA,NA,1200,"idexxquantitray","mpn","mpn",NA,NA,NA,NA
"469","cbf_87","grabsample","none",NA,NA,NA,NA,8400,"idexxquantitray","mpn","mpn",NA,NA,NA,NA
"470","cbf_91","grabsample","none",NA,NA,NA,NA,14600,"idexxquantitray","mpn","mpn",NA,NA,NA,NA
"471","cbf_90","grabsample","none",NA,NA,NA,NA,18600,"idexxquantitray","mpn","mpn",NA,NA,NA,NA
"472","cbf_150","grabsample","none",NA,NA,NA,NA,333,"idexxquantitray","mpn","mpn",NA,NA,NA,NA
"473","cbf_158","grabsample","none",NA,NA,NA,NA,7100,"idexxquantitray","mpn","mpn",NA,NA,NA,NA
"474","cbf_155","grabsample","none",NA,NA,NA,NA,26600,"idexxquantitray","mpn","mpn",NA,NA,NA,NA
"475","cbf_157","grabsample","none",NA,NA,NA,NA,566,"idexxquantitray","mpn","mpn",NA,NA,NA,NA
"476","cbf_152","grabsample","none",NA,NA,NA,NA,230,"idexxquantitray","mpn","mpn",NA,NA,NA,NA
"477","cbf_156","grabsample","none",NA,NA,NA,NA,210,"idexxquantitray","mpn","mpn",NA,NA,NA,NA
"478","cbf_154","grabsample","none",NA,NA,NA,NA,2800,"idexxquantitray","mpn","mpn",NA,NA,NA,NA
"479","cbf_153","grabsample","none",NA,NA,NA,NA,200,"idexxquantitray","mpn","mpn",NA,NA,NA,NA
"480","cbf_147","grabsample","none",NA,NA,NA,NA,68,"idexxquantitray","mpn","mpn",NA,NA,NA,NA
"481","cbf_148","grabsample","none",NA,NA,NA,NA,66,"idexxquantitray","mpn","mpn",NA,NA,NA,NA
"482","cbf_149","grabsample","none",NA,NA,NA,NA,200,"idexxquantitray","mpn","mpn",NA,NA,NA,NA
"483","cbf_151","grabsample","none",NA,NA,NA,NA,40,"idexxquantitray","mpn","mpn",NA,NA,NA,NA
"484","cbf_239","grabsample","none",NA,NA,NA,NA,833,"idexxquantitray","mpn","mpn",NA,NA,NA,NA
"485","cbf_244","grabsample","none",NA,NA,NA,NA,166,"idexxquantitray","mpn","mpn",NA,NA,NA,NA
"486","cbf_238","grabsample","none",NA,NA,NA,NA,580,"idexxquantitray","mpn","mpn",NA,NA,NA,NA
"487","cbf_242","grabsample","none",NA,NA,NA,NA,1615,"idexxquantitray","mpn","mpn",NA,NA,NA,NA
"488","cbf_241","grabsample","none",NA,NA,NA,NA,10800,"idexxquantitray","mpn","mpn",NA,NA,NA,NA
"489","cbf_240","grabsample","none",NA,NA,NA,NA,10,"idexxquantitray","mpn","mpn",NA,NA,NA,NA
"490","cbf_243","grabsample","none",NA,NA,NA,NA,180,"idexxquantitray","mpn","mpn",NA,NA,NA,NA
"491","cbf_237","grabsample","none",NA,NA,NA,NA,540,"idexxquantitray","mpn","mpn",NA,NA,NA,NA
"492","cbf_245","grabsample","none",NA,NA,NA,NA,166,"idexxquantitray","mpn","mpn",NA,NA,NA,NA
"493","cbf_279","grabsample","none",NA,NA,NA,NA,35,"idexxquantitray","mpn","mpn",NA,NA,NA,NA
"494","cbf_278","grabsample","none",NA,NA,NA,NA,52,"idexxquantitray","mpn","mpn",NA,NA,NA,NA
"495","cbf_276","grabsample","none",NA,NA,NA,NA,980,"idexxquantitray","mpn","mpn",NA,NA,NA,NA
"496","cbf_280","grabsample","none",NA,NA,NA,NA,18,"idexxquantitray","mpn","mpn",NA,NA,NA,NA
"497","cbf_277","grabsample","none",NA,NA,NA,NA,150,"idexxquantitray","mpn","mpn",NA,NA,NA,NA
"498","cbf_281","grabsample","none",NA,NA,NA,NA,1700,"idexxquantitray","mpn","mpn",NA,NA,NA,NA
"499","cbf_282","grabsample","none",NA,NA,NA,NA,9800,"idexxquantitray","mpn","mpn",NA,NA,NA,NA
"500","cbf_283","grabsample","none",NA,NA,NA,NA,2420,"idexxquantitray","mpn","mpn",NA,NA,NA,NA
"501","cbf_284","grabsample","none",NA,NA,NA,NA,6100,"idexxquantitray","mpn","mpn",NA,NA,NA,NA
"502","cbf_285","grabsample","none",NA,NA,NA,NA,2420,"idexxquantitray","mpn","mpn",NA,NA,NA,NA
"503","cbf_286","grabsample","none",NA,NA,NA,NA,9,"idexxquantitray","mpn","mpn",NA,NA,NA,NA
"504","cbf_287","grabsample","none",NA,NA,NA,NA,2420,"idexxquantitray","mpn","mpn",NA,NA,NA,NA
"505","cbf_288","grabsample","none",NA,NA,NA,NA,3300,"idexxquantitray","mpn","mpn",NA,NA,NA,NA
"506","cbf_289","grabsample","none",NA,NA,NA,NA,560,"idexxquantitray","mpn","mpn",NA,NA,NA,NA
"507","cbf_296","grabsample","none",NA,NA,NA,NA,380,"idexxquantitray","mpn","mpn",NA,NA,NA,NA
"508","cbf_291","grabsample","none",NA,NA,NA,NA,1000,"idexxquantitray","mpn","mpn",NA,NA,NA,NA
"509","cbf_294","grabsample","none",NA,NA,NA,NA,24196,"idexxquantitray","mpn","mpn",NA,NA,NA,NA
"510","cbf_292","grabsample","none",NA,NA,NA,NA,2420,"idexxquantitray","mpn","mpn",NA,NA,NA,NA
"511","cbf_290","grabsample","none",NA,NA,NA,NA,650,"idexxquantitray","mpn","mpn",NA,NA,NA,NA
"512","cbf_293","grabsample","none",NA,NA,NA,NA,440,"idexxquantitray","mpn","mpn",NA,NA,NA,NA
"513","cbf_295","grabsample","none",NA,NA,NA,NA,520,"idexxquantitray","mpn","mpn",NA,NA,NA,NA
"514","cbf_333","grabsample","none",NA,NA,NA,NA,26,"idexxquantitray","mpn","mpn",NA,NA,NA,NA
"515","cbf_335","grabsample","none",NA,NA,NA,NA,140,"idexxquantitray","mpn","mpn",NA,NA,NA,NA
"516","cbf_334","grabsample","none",NA,NA,NA,NA,4220,"idexxquantitray","mpn","mpn",NA,NA,NA,NA
"517","cbf_341","grabsample","none",NA,NA,NA,NA,40,"idexxquantitray","mpn","mpn",NA,NA,NA,NA
"518","cbf_338","grabsample","none",NA,NA,NA,NA,500,"idexxquantitray","mpn","mpn",NA,NA,NA,NA
"519","cbf_340","grabsample","none",NA,NA,NA,NA,550,"idexxquantitray","mpn","mpn",NA,NA,NA,NA
"520","cbf_339","grabsample","none",NA,NA,NA,NA,1005,"idexxquantitray","mpn","mpn",NA,NA,NA,NA
"521","cbf_342","grabsample","none",NA,NA,NA,NA,1366,"idexxquantitray","mpn","mpn",NA,NA,NA,NA
"522","cbf_343","grabsample","none",NA,NA,NA,NA,5300,"idexxquantitray","mpn","mpn",NA,NA,NA,NA
"523","cbf_344","grabsample","none",NA,NA,NA,NA,5300,"idexxquantitray","mpn","mpn",NA,NA,NA,NA
"524","cbf_336","grabsample","none",NA,NA,NA,NA,20700,"idexxquantitray","mpn","mpn",NA,NA,NA,NA
"525","cbf_337","grabsample","none",NA,NA,NA,NA,27033,"idexxquantitray","mpn","mpn",NA,NA,NA,NA
"526","cbf_346","grabsample","none",NA,NA,NA,NA,256,"idexxquantitray","mpn","mpn",NA,NA,NA,NA
"527","cbf_345","grabsample","none",NA,NA,NA,NA,344,"idexxquantitray","mpn","mpn",NA,NA,NA,NA
"528","cbf_347","grabsample","none",NA,NA,NA,NA,461,"idexxquantitray","mpn","mpn",NA,NA,NA,NA
"529","cbf_353","grabsample","none",NA,NA,NA,NA,1640,"idexxquantitray","mpn","mpn",NA,NA,NA,NA
"530","cbf_354","grabsample","none",NA,NA,NA,NA,1720,"idexxquantitray","mpn","mpn",NA,NA,NA,NA
"531","cbf_348","grabsample","none",NA,NA,NA,NA,2120,"idexxquantitray","mpn","mpn",NA,NA,NA,NA
"532","cbf_350","grabsample","none",NA,NA,NA,NA,4700,"idexxquantitray","mpn","mpn",NA,NA,NA,NA
"533","cbf_349","grabsample","none",NA,NA,NA,NA,4800,"idexxquantitray","mpn","mpn",NA,NA,NA,NA
"534","cbf_351","grabsample","none",NA,NA,NA,NA,4800,"idexxquantitray","mpn","mpn",NA,NA,NA,NA
"535","cbf_352","grabsample","none",NA,NA,NA,NA,4800,"idexxquantitray","mpn","mpn",NA,NA,NA,NA
"536","cbf_355","grabsample","none",NA,NA,NA,NA,5050,"idexxquantitray","mpn","mpn",NA,NA,NA,NA
"537","cbf_358","grabsample","none",NA,NA,NA,NA,88,"idexxquantitray","mpn","mpn",NA,NA,NA,NA
"538","cbf_357","grabsample","none",NA,NA,NA,NA,121,"idexxquantitray","mpn","mpn",NA,NA,NA,NA
"539","cbf_356","grabsample","none",NA,NA,NA,NA,290,"idexxquantitray","mpn","mpn",NA,NA,NA,NA
"540","cbf_359","grabsample","none",NA,NA,NA,NA,690,"idexxquantitray","mpn","mpn",NA,NA,NA,NA
"541","cbf_397","grabsample","none",NA,NA,NA,NA,240,"idexxquantitray","mpn","mpn",NA,NA,NA,NA
"542","cbf_404","grabsample","none",NA,NA,NA,NA,372,"idexxquantitray","mpn","mpn",NA,NA,NA,NA
"543","cbf_402","grabsample","none",NA,NA,NA,NA,450,"idexxquantitray","mpn","mpn",NA,NA,NA,NA
"544","cbf_403","grabsample","none",NA,NA,NA,NA,1762,"idexxquantitray","mpn","mpn",NA,NA,NA,NA
"545","cbf_398","grabsample","none",NA,NA,NA,NA,3680,"idexxquantitray","mpn","mpn",NA,NA,NA,NA
"546","cbf_401","grabsample","none",NA,NA,NA,NA,13300,"idexxquantitray","mpn","mpn",NA,NA,NA,NA
"547","cbf_399","grabsample","none",NA,NA,NA,NA,2400,"idexxquantitray","mpn","mpn",NA,NA,NA,NA
"548","cbf_400","grabsample","none",NA,NA,NA,NA,260,"idexxquantitray","mpn","mpn",NA,NA,NA,NA
"549","cbf_410","grabsample","none",NA,NA,NA,NA,1100,"idexxquantitray","mpn","mpn",NA,NA,NA,NA
"550","cbf_406","grabsample","none",NA,NA,NA,NA,1240,"idexxquantitray","mpn","mpn",NA,NA,NA,NA
"551","cbf_405","grabsample","none",NA,NA,NA,NA,3600,"idexxquantitray","mpn","mpn",NA,NA,NA,NA
"552","cbf_407","grabsample","none",NA,NA,NA,NA,4700,"idexxquantitray","mpn","mpn",NA,NA,NA,NA
"553","cbf_409","grabsample","none",NA,NA,NA,NA,31200,"idexxquantitray","mpn","mpn",NA,NA,NA,NA
"554","cbf_408","grabsample","none",NA,NA,NA,NA,13600,"idexxquantitray","mpn","mpn",NA,NA,NA,NA
"555","cbf_432","grabsample","none",NA,NA,NA,NA,210,"idexxquantitray","mpn","mpn",NA,NA,NA,NA
"556","cbf_428","grabsample","none",NA,NA,NA,NA,2420,"idexxquantitray","mpn","mpn",NA,NA,NA,NA
"557","cbf_430","grabsample","none",NA,NA,NA,NA,2420,"idexxquantitray","mpn","mpn",NA,NA,NA,NA
"558","cbf_429","grabsample","none",NA,NA,NA,NA,89,"idexxquantitray","mpn","mpn",NA,NA,NA,NA
"559","cbf_427","grabsample","none",NA,NA,NA,NA,840,"idexxquantitray","mpn","mpn",NA,NA,NA,NA
"560","cbf_431","grabsample","none",NA,NA,NA,NA,12000,"idexxquantitray","mpn","mpn",NA,NA,NA,NA
"561","cbf_434","grabsample","none",NA,NA,NA,NA,570,"idexxquantitray","mpn","mpn",NA,NA,NA,NA
"562","cbf_435","grabsample","none",NA,NA,NA,NA,1600,"idexxquantitray","mpn","mpn",NA,NA,NA,NA
"563","cbf_433","grabsample","none",NA,NA,NA,NA,5000,"idexxquantitray","mpn","mpn",NA,NA,NA,NA
"564","cbf_438","grabsample","none",NA,NA,NA,NA,9200,"idexxquantitray","mpn","mpn",NA,NA,NA,NA
"565","cbf_437","grabsample","none",NA,NA,NA,NA,23400,"idexxquantitray","mpn","mpn",NA,NA,NA,NA
"566","cbf_436","grabsample","none",NA,NA,NA,NA,10200,"idexxquantitray","mpn","mpn",NA,NA,NA,NA
"567","cbf_512","grabsample","none",NA,NA,NA,NA,800,"idexxquantitray","mpn","mpn",NA,NA,NA,NA
"568","cbf_511","grabsample","none",NA,NA,NA,NA,2120,"idexxquantitray","mpn","mpn",NA,NA,NA,NA
"569","cbf_514","grabsample","none",NA,NA,NA,NA,8950,"idexxquantitray","mpn","mpn",NA,NA,NA,NA
"570","cbf_515","grabsample","none",NA,NA,NA,NA,18600,"idexxquantitray","mpn","mpn",NA,NA,NA,NA
"571","cbf_513","grabsample","none",NA,NA,NA,NA,1665,"idexxquantitray","mpn","mpn",NA,NA,NA,NA
"572","cbf_527","grabsample","none",NA,NA,NA,NA,220,"idexxquantitray","mpn","mpn",NA,NA,NA,NA
"573","cbf_530","grabsample","none",NA,NA,NA,NA,260,"idexxquantitray","mpn","mpn",NA,NA,NA,NA
"574","cbf_524","grabsample","none",NA,NA,NA,NA,730,"idexxquantitray","mpn","mpn",NA,NA,NA,NA
"575","cbf_525","grabsample","none",NA,NA,NA,NA,1000,"idexxquantitray","mpn","mpn",NA,NA,NA,NA
"576","cbf_526","grabsample","none",NA,NA,NA,NA,2420,"idexxquantitray","mpn","mpn",NA,NA,NA,NA
"577","cbf_528","grabsample","none",NA,NA,NA,NA,24196,"idexxquantitray","mpn","mpn",NA,NA,NA,NA
"578","cbf_529","grabsample","none",NA,NA,NA,NA,200,"idexxquantitray","mpn","mpn",NA,NA,NA,NA
"579","cbf_535","grabsample","none",NA,NA,NA,NA,2300,"idexxquantitray","mpn","mpn",NA,NA,NA,NA
"580","cbf_536","grabsample","none",NA,NA,NA,NA,4700,"idexxquantitray","mpn","mpn",NA,NA,NA,NA
"581","cbf_532","grabsample","none",NA,NA,NA,NA,10000,"idexxquantitray","mpn","mpn",NA,NA,NA,NA
"582","cbf_534","grabsample","none",NA,NA,NA,NA,63,"idexxquantitray","mpn","mpn",NA,NA,NA,NA
"583","cbf_531","grabsample","none",NA,NA,NA,NA,7300,"idexxquantitray","mpn","mpn",NA,NA,NA,NA
"584","cbf_533","grabsample","none",NA,NA,NA,NA,2420,"idexxquantitray","mpn","mpn",NA,NA,NA,NA
"585","cbf_546","grabsample","none",NA,NA,NA,NA,24,"idexxquantitray","mpn","mpn",NA,NA,NA,NA
"586","cbf_548","grabsample","none",NA,NA,NA,NA,240,"idexxquantitray","mpn","mpn",NA,NA,NA,NA
"587","cbf_549","grabsample","none",NA,NA,NA,NA,980,"idexxquantitray","mpn","mpn",NA,NA,NA,NA
"588","cbf_547","grabsample","none",NA,NA,NA,NA,2420,"idexxquantitray","mpn","mpn",NA,NA,NA,NA
"589","cbf_545","grabsample","none",NA,NA,NA,NA,2420,"idexxquantitray","mpn","mpn",NA,NA,NA,NA
"590","cbf_543","grabsample","none",NA,NA,NA,NA,1700,"idexxquantitray","mpn","mpn",NA,NA,NA,NA
"591","cbf_544","grabsample","none",NA,NA,NA,NA,1000,"idexxquantitray","mpn","mpn",NA,NA,NA,NA
